CREATE TABLE wykladowcy(
  wykladowca_id number(6) primary key,
  imie varchar2(20) NOT NULL,   
  nazwisko varchar2(30) NOT NULL,
  stawka decimal(5,2)
);

CREATE TABLE kursanci(
  kursant_id number(6) PRIMARY KEY,
  imie varchar2(20) NOT NULL,
  nazwisko varchar2(30) NOT NULL
);

CREATE TABLE rodzaje(
  rodzaj_id number(3) primary key,
  nazwa varchar2(30) NOT NULL,
  godz number(3) NOT NULL,
  cena decimal(6,2)
);

CREATE TABLE kursy(
  kurs_id number(6)primary key,
  rodzaj_id number(6) NOT NULL,
  wykladowca_id number(6)
);

CREATE TABLE umowy(
  umowa_id number(6) primary key,
  kursant_id number(6),
  kurs_id number(6),
  miasto varchar(20)
);

ALTER TABLE kursy ADD CONSTRAINT kursy_rodzaje_fkey FOREIGN KEY (rodzaj_id) REFERENCES rodzaje(rodzaj_id);
ALTER TABLE kursy ADD CONSTRAINT kursy_wykladowcy_fkey FOREIGN KEY (wykladowca_id) REFERENCES wykladowcy(wykladowca_id);

INSERT INTO WYKLADOWCY (WYKLADOWCA_ID, IMIE, NAZWISKO, STAWKA) VALUES (1, 'PRZEMYSŁAW', 'KRAJEWSKI', 80);
INSERT INTO WYKLADOWCY (WYKLADOWCA_ID, IMIE, NAZWISKO, STAWKA) VALUES (2, 'LEO', 'ADAMSKI', 90);
INSERT INTO WYKLADOWCY (WYKLADOWCA_ID, IMIE, NAZWISKO, STAWKA) VALUES (3, 'NATANIEL', 'SIKORSKI', 100);
INSERT INTO WYKLADOWCY (WYKLADOWCA_ID, IMIE, NAZWISKO, STAWKA) VALUES (4, 'RYSZARD', 'MRÓZ', 80);
INSERT INTO WYKLADOWCY (WYKLADOWCA_ID, IMIE, NAZWISKO, STAWKA) VALUES (5, 'FELIKS', 'LASKOWSKI', 70);
INSERT INTO WYKLADOWCY (WYKLADOWCA_ID, IMIE, NAZWISKO, STAWKA) VALUES (6, 'MAREK', 'ZIÓŁKOWSKI', 100);
INSERT INTO WYKLADOWCY (WYKLADOWCA_ID, IMIE, NAZWISKO, STAWKA) VALUES (7, 'RADOSŁAW', 'GAJEWSKI', 100);
INSERT INTO WYKLADOWCY (WYKLADOWCA_ID, IMIE, NAZWISKO, STAWKA) VALUES (8, 'KONRAD', 'SZULC', 80);
INSERT INTO WYKLADOWCY (WYKLADOWCA_ID, IMIE, NAZWISKO, STAWKA) VALUES (9, 'ALEX', 'MAKOWSKI', 80);
INSERT INTO WYKLADOWCY (WYKLADOWCA_ID, IMIE, NAZWISKO, STAWKA) VALUES (10, 'DORIAN', 'BARANOWSKI', 70);
INSERT INTO WYKLADOWCY (WYKLADOWCA_ID, IMIE, NAZWISKO, STAWKA) VALUES (11, 'JULIUSZ', 'CZERWIŃSKI', 70);
INSERT INTO WYKLADOWCY (WYKLADOWCA_ID, IMIE, NAZWISKO, STAWKA) VALUES (12, 'JEREMI', 'SZYMCZAK', 80);
INSERT INTO WYKLADOWCY (WYKLADOWCA_ID, IMIE, NAZWISKO, STAWKA) VALUES (13, 'ALEKS', 'PRZYBYLSKI', 100);
INSERT INTO WYKLADOWCY (WYKLADOWCA_ID, IMIE, NAZWISKO, STAWKA) VALUES (14, 'REMIGIUSZ', 'KACZMARCZYK', 120);
INSERT INTO WYKLADOWCY (WYKLADOWCA_ID, IMIE, NAZWISKO, STAWKA) VALUES (15, 'FLORIAN', 'BRZEZIŃSKI', 100);
INSERT INTO WYKLADOWCY (WYKLADOWCA_ID, IMIE, NAZWISKO, STAWKA) VALUES (16, 'SAMUEL', 'BŁASZCZYK', 90);
INSERT INTO WYKLADOWCY (WYKLADOWCA_ID, IMIE, NAZWISKO, STAWKA) VALUES (17, 'ARKADIUSZ', 'ANDRZEJEWSKI', 90);
INSERT INTO WYKLADOWCY (WYKLADOWCA_ID, IMIE, NAZWISKO, STAWKA) VALUES (18, 'GRACJAN', 'CIEŚLAK', 80);
INSERT INTO WYKLADOWCY (WYKLADOWCA_ID, IMIE, NAZWISKO, STAWKA) VALUES (19, 'ALBERT', 'BOROWSKI', 100);

INSERT INTO KURSANCI (KURSANT_ID, IMIE, NAZWISKO) VALUES (1, 'LEOKADIA', 'NOWAK');
INSERT INTO KURSANCI (KURSANT_ID, IMIE, NAZWISKO) VALUES (2, 'NELA', 'KOWALSKA');
INSERT INTO KURSANCI (KURSANT_ID, IMIE, NAZWISKO) VALUES (3, 'EMMA', 'WIŚNIEWSKA');
INSERT INTO KURSANCI (KURSANT_ID, IMIE, NAZWISKO) VALUES (4, 'JULITA', 'WÓJCIK');
INSERT INTO KURSANCI (KURSANT_ID, IMIE, NAZWISKO) VALUES (5, 'OKTAWIA', 'KOWALCZYK');
INSERT INTO KURSANCI (KURSANT_ID, IMIE, NAZWISKO) VALUES (6, 'PAULA', 'KAMIŃSKA');
INSERT INTO KURSANCI (KURSANT_ID, IMIE, NAZWISKO) VALUES (7, 'REGINA', 'LEWANDOWSKA');
INSERT INTO KURSANCI (KURSANT_ID, IMIE, NAZWISKO) VALUES (8, 'SABINA', 'ZIELIŃSKA');
INSERT INTO KURSANCI (KURSANT_ID, IMIE, NAZWISKO) VALUES (9, 'SANDRA', 'SZYMAŃSKA');
INSERT INTO KURSANCI (KURSANT_ID, IMIE, NAZWISKO) VALUES (10, 'FELICJA', 'DĄBROWSKA');
INSERT INTO KURSANCI (KURSANT_ID, IMIE, NAZWISKO) VALUES (11, 'KONSTANCJA', 'WOŹNIAK');
INSERT INTO KURSANCI (KURSANT_ID, IMIE, NAZWISKO) VALUES (12, 'MELANIA', 'KOZŁOWSKA');
INSERT INTO KURSANCI (KURSANT_ID, IMIE, NAZWISKO) VALUES (13, 'MIROSŁAWA', 'JANKOWSKA');
INSERT INTO KURSANCI (KURSANT_ID, IMIE, NAZWISKO) VALUES (14, 'SOFIA', 'MAZUR');
INSERT INTO KURSANCI (KURSANT_ID, IMIE, NAZWISKO) VALUES (15, 'BRONISŁAWA', 'KWIATKOWSKA');
INSERT INTO KURSANCI (KURSANT_ID, IMIE, NAZWISKO) VALUES (16, 'CELINA', 'WOJCIECHOWSKA');
INSERT INTO KURSANCI (KURSANT_ID, IMIE, NAZWISKO) VALUES (17, 'GENOWEFA', 'KRAWCZYK');
INSERT INTO KURSANCI (KURSANT_ID, IMIE, NAZWISKO) VALUES (18, 'IZABELLA', 'KACZMAREK');
INSERT INTO KURSANCI (KURSANT_ID, IMIE, NAZWISKO) VALUES (19, 'JAŚMINA', 'PIOTROWSKA');
INSERT INTO KURSANCI (KURSANT_ID, IMIE, NAZWISKO) VALUES (20, 'MAGDA', 'GRABOWSKA');
INSERT INTO KURSANCI (KURSANT_ID, IMIE, NAZWISKO) VALUES (21, 'MARIE', 'PAWŁOWSKA');
INSERT INTO KURSANCI (KURSANT_ID, IMIE, NAZWISKO) VALUES (22, 'MARIKA', 'MICHALSKA');
INSERT INTO KURSANCI (KURSANT_ID, IMIE, NAZWISKO) VALUES (23, 'OLIVIA', 'KRÓL');
INSERT INTO KURSANCI (KURSANT_ID, IMIE, NAZWISKO) VALUES (24, 'ROKSANA', 'ZAJĄC');
INSERT INTO KURSANCI (KURSANT_ID, IMIE, NAZWISKO) VALUES (25, 'WALENTYNA', 'WIECZOREK');
INSERT INTO KURSANCI (KURSANT_ID, IMIE, NAZWISKO) VALUES (26, 'WIESŁAWA', 'JABŁOŃSKA');
INSERT INTO KURSANCI (KURSANT_ID, IMIE, NAZWISKO) VALUES (27, 'AURORA', 'WRÓBEL');
INSERT INTO KURSANCI (KURSANT_ID, IMIE, NAZWISKO) VALUES (28, 'DAGMARA', 'NOWAKOWSKA');
INSERT INTO KURSANCI (KURSANT_ID, IMIE, NAZWISKO) VALUES (29, 'ELENA', 'MAJEWSKA');
INSERT INTO KURSANCI (KURSANT_ID, IMIE, NAZWISKO) VALUES (30, 'ELIZABETH', 'OLSZEWSKA');
INSERT INTO KURSANCI (KURSANT_ID, IMIE, NAZWISKO) VALUES (31, 'HONORATA', 'ADAMCZYK');
INSERT INTO KURSANCI (KURSANT_ID, IMIE, NAZWISKO) VALUES (32, 'ILONA', 'JAWORSKA');
INSERT INTO KURSANCI (KURSANT_ID, IMIE, NAZWISKO) VALUES (33, 'JAGNA', 'MALINOWSKA');
INSERT INTO KURSANCI (KURSANT_ID, IMIE, NAZWISKO) VALUES (34, 'JULIANNA', 'STĘPIEŃ');
INSERT INTO KURSANCI (KURSANT_ID, IMIE, NAZWISKO) VALUES (35, 'LUIZA', 'DUDEK');
INSERT INTO KURSANCI (KURSANT_ID, IMIE, NAZWISKO) VALUES (36, 'VIKTORIA', 'GÓRSKA');
INSERT INTO KURSANCI (KURSANT_ID, IMIE, NAZWISKO) VALUES (37, 'WŁADYSŁAWA', 'NOWICKA');
INSERT INTO KURSANCI (KURSANT_ID, IMIE, NAZWISKO) VALUES (38, 'ŻANETA', 'WITKOWSKA');
INSERT INTO KURSANCI (KURSANT_ID, IMIE, NAZWISKO) VALUES (39, 'ADA', 'PAWLAK');
INSERT INTO KURSANCI (KURSANT_ID, IMIE, NAZWISKO) VALUES (40, 'ELEONORA', 'SIKORA');
INSERT INTO KURSANCI (KURSANT_ID, IMIE, NAZWISKO) VALUES (41, 'ELWIRA', 'WALCZAK');
INSERT INTO KURSANCI (KURSANT_ID, IMIE, NAZWISKO) VALUES (42, 'EULALIA', 'RUTKOWSKA');
INSERT INTO KURSANCI (KURSANT_ID, IMIE, NAZWISKO) VALUES (43, 'EVA', 'MICHALAK');
INSERT INTO KURSANCI (KURSANT_ID, IMIE, NAZWISKO) VALUES (44, 'FILOMENA', 'SZEWCZYK');
INSERT INTO KURSANCI (KURSANT_ID, IMIE, NAZWISKO) VALUES (45, 'FLORENTYNA', 'OSTROWSKA');
INSERT INTO KURSANCI (KURSANT_ID, IMIE, NAZWISKO) VALUES (46, 'HENRYKA', 'BARAN');
INSERT INTO KURSANCI (KURSANT_ID, IMIE, NAZWISKO) VALUES (47, 'INGA', 'TOMASZEWSKA');
INSERT INTO KURSANCI (KURSANT_ID, IMIE, NAZWISKO) VALUES (48, 'LEA', 'ZALEWSKA');
INSERT INTO KURSANCI (KURSANT_ID, IMIE, NAZWISKO) VALUES (49, 'LILA', 'PIETRZAK');
INSERT INTO KURSANCI (KURSANT_ID, IMIE, NAZWISKO) VALUES (50, 'LILLA', 'WRÓBLEWSKA');
INSERT INTO KURSANCI (KURSANT_ID, IMIE, NAZWISKO) VALUES (51, 'LIVIA', 'JASIŃSKA');
INSERT INTO KURSANCI (KURSANT_ID, IMIE, NAZWISKO) VALUES (52, 'LUDWIKA', 'MARCINIAK');
INSERT INTO KURSANCI (KURSANT_ID, IMIE, NAZWISKO) VALUES (53, 'MALINA', 'JAKUBOWSKA');
INSERT INTO KURSANCI (KURSANT_ID, IMIE, NAZWISKO) VALUES (54, 'MARCELA', 'SADOWSKA');
INSERT INTO KURSANCI (KURSANT_ID, IMIE, NAZWISKO) VALUES (55, 'MARCJANNA', 'ZAWADZKA');
INSERT INTO KURSANCI (KURSANT_ID, IMIE, NAZWISKO) VALUES (56, 'MIRA', 'DUDA');
INSERT INTO KURSANCI (KURSANT_ID, IMIE, NAZWISKO) VALUES (57, 'NAOMI', 'WŁODARCZYK');
INSERT INTO KURSANCI (KURSANT_ID, IMIE, NAZWISKO) VALUES (58, 'NEL', 'BĄK');
INSERT INTO KURSANCI (KURSANT_ID, IMIE, NAZWISKO) VALUES (59, 'NICOLA', 'CHMIELEWSKA');
INSERT INTO KURSANCI (KURSANT_ID, IMIE, NAZWISKO) VALUES (60, 'ROMA', 'BORKOWSKA');
INSERT INTO KURSANCI (KURSANT_ID, IMIE, NAZWISKO) VALUES (61, 'ROSE', 'WILK');
INSERT INTO KURSANCI (KURSANT_ID, IMIE, NAZWISKO) VALUES (62, 'VIOLETTA', 'SOKOŁOWSKA');
INSERT INTO KURSANCI (KURSANT_ID, IMIE, NAZWISKO) VALUES (63, 'WALERIA', 'SZCZEPAŃSKA');
INSERT INTO KURSANCI (KURSANT_ID, IMIE, NAZWISKO) VALUES (64, 'WIOLETA', 'SAWICKA');
INSERT INTO KURSANCI (KURSANT_ID, IMIE, NAZWISKO) VALUES (65, 'ALDONA', 'LIS');
INSERT INTO KURSANCI (KURSANT_ID, IMIE, NAZWISKO) VALUES (66, 'AMANDA', 'KUCHARSKA');
INSERT INTO KURSANCI (KURSANT_ID, IMIE, NAZWISKO) VALUES (67, 'ANDŻELIKA', 'MACIEJEWSKA');
INSERT INTO KURSANCI (KURSANT_ID, IMIE, NAZWISKO) VALUES (68, 'BERNADETA', 'KALINOWSKA');
INSERT INTO KURSANCI (KURSANT_ID, IMIE, NAZWISKO) VALUES (69, 'BERNADETTA', 'MAZUREK');
INSERT INTO KURSANCI (KURSANT_ID, IMIE, NAZWISKO) VALUES (70, 'DOBROSŁAWA', 'WYSOCKA');
INSERT INTO KURSANCI (KURSANT_ID, IMIE, NAZWISKO) VALUES (71, 'DOMICELA', 'KUBIAK');
INSERT INTO KURSANCI (KURSANT_ID, IMIE, NAZWISKO) VALUES (72, 'ESTERA', 'KOŁODZIEJ');
INSERT INTO KURSANCI (KURSANT_ID, IMIE, NAZWISKO) VALUES (73, 'FLORA', 'CZARNECKA');
INSERT INTO KURSANCI (KURSANT_ID, IMIE, NAZWISKO) VALUES (74, 'GLORIA', 'KAŹMIERCZAK');
INSERT INTO KURSANCI (KURSANT_ID, IMIE, NAZWISKO) VALUES (75, 'HALSZKA', 'URBAŃSKA');
INSERT INTO KURSANCI (KURSANT_ID, IMIE, NAZWISKO) VALUES (76, 'HIACYNTA', 'SOBCZAK');
INSERT INTO KURSANCI (KURSANT_ID, IMIE, NAZWISKO) VALUES (77, 'JOWITA', 'GŁOWACKA');
INSERT INTO KURSANCI (KURSANT_ID, IMIE, NAZWISKO) VALUES (78, 'KLEMENTYNA', 'KRAJEWSKA');
INSERT INTO KURSANCI (KURSANT_ID, IMIE, NAZWISKO) VALUES (79, 'LAILA', 'KRUPA');
INSERT INTO KURSANCI (KURSANT_ID, IMIE, NAZWISKO) VALUES (80, 'LORENA', 'SIKORSKA');
INSERT INTO KURSANCI (KURSANT_ID, IMIE, NAZWISKO) VALUES (81, 'MARIETTA', 'ZAKRZEWSKA');
INSERT INTO KURSANCI (KURSANT_ID, IMIE, NAZWISKO) VALUES (82, 'MIRIAM', 'WASILEWSKA');
INSERT INTO KURSANCI (KURSANT_ID, IMIE, NAZWISKO) VALUES (83, 'NAWOJKA', 'ZIÓŁKOWSKA');
INSERT INTO KURSANCI (KURSANT_ID, IMIE, NAZWISKO) VALUES (84, 'OLIMPIA', 'LASKOWSKA');
INSERT INTO KURSANCI (KURSANT_ID, IMIE, NAZWISKO) VALUES (85, 'OTYLIA', 'GAJEWSKA');

INSERT INTO RODZAJE (RODZAJ_ID, NAZWA, GODZ, CENA) VALUES (1, 'angielski', 80, 1200);
INSERT INTO RODZAJE (RODZAJ_ID, NAZWA, GODZ, CENA) VALUES (2, 'włoski', 90, 890);
INSERT INTO RODZAJE (RODZAJ_ID, NAZWA, GODZ, CENA) VALUES (3, 'francuski', 80, 1200);
INSERT INTO RODZAJE (RODZAJ_ID, NAZWA, GODZ, CENA) VALUES (4, 'grecki', 70, 970);
INSERT INTO RODZAJE (RODZAJ_ID, NAZWA, GODZ, CENA) VALUES (5, 'japoński', 60, 670);
INSERT INTO RODZAJE (RODZAJ_ID, NAZWA, GODZ, CENA) VALUES (6, 'czeski', 70, 940);
INSERT INTO RODZAJE (RODZAJ_ID, NAZWA, GODZ, CENA) VALUES (7, 'rosyjski', 80, 850);
INSERT INTO RODZAJE (RODZAJ_ID, NAZWA, GODZ, CENA) VALUES (8, 'niemiecki', 80, 1100);

INSERT INTO KURSY (KURS_ID, RODZAJ_ID, WYKLADOWCA_ID) VALUES (1, 1, 1);
INSERT INTO KURSY (KURS_ID, RODZAJ_ID, WYKLADOWCA_ID) VALUES (2, 2, 2);
INSERT INTO KURSY (KURS_ID, RODZAJ_ID, WYKLADOWCA_ID) VALUES (3, 2, 2);
INSERT INTO KURSY (KURS_ID, RODZAJ_ID, WYKLADOWCA_ID) VALUES (4, 3, 3);
INSERT INTO KURSY (KURS_ID, RODZAJ_ID, WYKLADOWCA_ID) VALUES (5, 4, 4);
INSERT INTO KURSY (KURS_ID, RODZAJ_ID, WYKLADOWCA_ID) VALUES (6, 5, 6);
INSERT INTO KURSY (KURS_ID, RODZAJ_ID, WYKLADOWCA_ID) VALUES (7, 6, 7);
INSERT INTO KURSY (KURS_ID, RODZAJ_ID, WYKLADOWCA_ID) VALUES (8, 7, 9);

INSERT INTO UMOWY (UMOWA_ID, KURSANT_ID, KURS_ID, MIASTO) VALUES (1, 1, 1, 'BYDGOSZCZ');
INSERT INTO UMOWY (UMOWA_ID, KURSANT_ID, KURS_ID, MIASTO) VALUES (2, 2, 1, 'BYDGOSZCZ');
INSERT INTO UMOWY (UMOWA_ID, KURSANT_ID, KURS_ID, MIASTO) VALUES (3, 3, 1, 'BYDGOSZCZ');
INSERT INTO UMOWY (UMOWA_ID, KURSANT_ID, KURS_ID, MIASTO) VALUES (4, 4, 1, 'BYDGOSZCZ');
INSERT INTO UMOWY (UMOWA_ID, KURSANT_ID, KURS_ID, MIASTO) VALUES (5, 5, 1, 'BYDGOSZCZ');
INSERT INTO UMOWY (UMOWA_ID, KURSANT_ID, KURS_ID, MIASTO) VALUES (6, 6, 1, 'BYDGOSZCZ');
INSERT INTO UMOWY (UMOWA_ID, KURSANT_ID, KURS_ID, MIASTO) VALUES (7, 7, 1, 'BYDGOSZCZ');
INSERT INTO UMOWY (UMOWA_ID, KURSANT_ID, KURS_ID, MIASTO) VALUES (8, 8, 2, 'BYDGOSZCZ');
INSERT INTO UMOWY (UMOWA_ID, KURSANT_ID, KURS_ID, MIASTO) VALUES (9, 9, 2, 'BYDGOSZCZ');
INSERT INTO UMOWY (UMOWA_ID, KURSANT_ID, KURS_ID, MIASTO) VALUES (10, 10, 2, 'BYDGOSZCZ');
INSERT INTO UMOWY (UMOWA_ID, KURSANT_ID, KURS_ID, MIASTO) VALUES (11, 11, 2, 'BYDGOSZCZ');
INSERT INTO UMOWY (UMOWA_ID, KURSANT_ID, KURS_ID, MIASTO) VALUES (12, 12, 2, 'BYDGOSZCZ');
INSERT INTO UMOWY (UMOWA_ID, KURSANT_ID, KURS_ID, MIASTO) VALUES (13, 13, 2, 'BYDGOSZCZ');
INSERT INTO UMOWY (UMOWA_ID, KURSANT_ID, KURS_ID, MIASTO) VALUES (14, 14, 2, 'BYDGOSZCZ');
INSERT INTO UMOWY (UMOWA_ID, KURSANT_ID, KURS_ID, MIASTO) VALUES (15, 15, 2, 'BYDGOSZCZ');
INSERT INTO UMOWY (UMOWA_ID, KURSANT_ID, KURS_ID, MIASTO) VALUES (16, 16, 2, 'BYDGOSZCZ');
INSERT INTO UMOWY (UMOWA_ID, KURSANT_ID, KURS_ID, MIASTO) VALUES (17, 17, 2, 'BYDGOSZCZ');
INSERT INTO UMOWY (UMOWA_ID, KURSANT_ID, KURS_ID, MIASTO) VALUES (18, 18, 2, 'BYDGOSZCZ');
INSERT INTO UMOWY (UMOWA_ID, KURSANT_ID, KURS_ID, MIASTO) VALUES (19, 19, 2, 'BYDGOSZCZ');
INSERT INTO UMOWY (UMOWA_ID, KURSANT_ID, KURS_ID, MIASTO) VALUES (20, 20, 3, 'BYDGOSZCZ');
INSERT INTO UMOWY (UMOWA_ID, KURSANT_ID, KURS_ID, MIASTO) VALUES (21, 21, 3, 'BYDGOSZCZ');
INSERT INTO UMOWY (UMOWA_ID, KURSANT_ID, KURS_ID, MIASTO) VALUES (22, 22, 3, 'BYDGOSZCZ');
INSERT INTO UMOWY (UMOWA_ID, KURSANT_ID, KURS_ID, MIASTO) VALUES (23, 23, 3, 'BYDGOSZCZ');
INSERT INTO UMOWY (UMOWA_ID, KURSANT_ID, KURS_ID, MIASTO) VALUES (24, 24, 3, 'BYDGOSZCZ');
INSERT INTO UMOWY (UMOWA_ID, KURSANT_ID, KURS_ID, MIASTO) VALUES (25, 25, 3, 'BYDGOSZCZ');
INSERT INTO UMOWY (UMOWA_ID, KURSANT_ID, KURS_ID, MIASTO) VALUES (26, 26, 3, 'BYDGOSZCZ');
INSERT INTO UMOWY (UMOWA_ID, KURSANT_ID, KURS_ID, MIASTO) VALUES (27, 27, 3, 'BYDGOSZCZ');
INSERT INTO UMOWY (UMOWA_ID, KURSANT_ID, KURS_ID, MIASTO) VALUES (28, 28, 3, 'BYDGOSZCZ');
INSERT INTO UMOWY (UMOWA_ID, KURSANT_ID, KURS_ID, MIASTO) VALUES (29, 29, 3, 'BYDGOSZCZ');
INSERT INTO UMOWY (UMOWA_ID, KURSANT_ID, KURS_ID, MIASTO) VALUES (30, 30, 3, 'BYDGOSZCZ');
INSERT INTO UMOWY (UMOWA_ID, KURSANT_ID, KURS_ID, MIASTO) VALUES (31, 31, 4, 'BYDGOSZCZ');
INSERT INTO UMOWY (UMOWA_ID, KURSANT_ID, KURS_ID, MIASTO) VALUES (32, 32, 4, 'BYDGOSZCZ');
INSERT INTO UMOWY (UMOWA_ID, KURSANT_ID, KURS_ID, MIASTO) VALUES (33, 33, 4, 'BYDGOSZCZ');
INSERT INTO UMOWY (UMOWA_ID, KURSANT_ID, KURS_ID, MIASTO) VALUES (34, 34, 4, 'BYDGOSZCZ');
INSERT INTO UMOWY (UMOWA_ID, KURSANT_ID, KURS_ID, MIASTO) VALUES (35, 35, 4, 'BYDGOSZCZ');
INSERT INTO UMOWY (UMOWA_ID, KURSANT_ID, KURS_ID, MIASTO) VALUES (36, 36, 4, 'BYDGOSZCZ');
INSERT INTO UMOWY (UMOWA_ID, KURSANT_ID, KURS_ID, MIASTO) VALUES (37, 37, 4, 'BYDGOSZCZ');
INSERT INTO UMOWY (UMOWA_ID, KURSANT_ID, KURS_ID, MIASTO) VALUES (38, 38, 4, 'BYDGOSZCZ');
INSERT INTO UMOWY (UMOWA_ID, KURSANT_ID, KURS_ID, MIASTO) VALUES (39, 39, 4, 'BYDGOSZCZ');
INSERT INTO UMOWY (UMOWA_ID, KURSANT_ID, KURS_ID, MIASTO) VALUES (40, 40, 4, 'BYDGOSZCZ');
INSERT INTO UMOWY (UMOWA_ID, KURSANT_ID, KURS_ID, MIASTO) VALUES (41, 41, 4, 'BYDGOSZCZ');
INSERT INTO UMOWY (UMOWA_ID, KURSANT_ID, KURS_ID, MIASTO) VALUES (42, 42, 4, 'BYDGOSZCZ');
INSERT INTO UMOWY (UMOWA_ID, KURSANT_ID, KURS_ID, MIASTO) VALUES (43, 43, 4, 'BYDGOSZCZ');
INSERT INTO UMOWY (UMOWA_ID, KURSANT_ID, KURS_ID, MIASTO) VALUES (44, 44, 5, 'BYDGOSZCZ');
INSERT INTO UMOWY (UMOWA_ID, KURSANT_ID, KURS_ID, MIASTO) VALUES (45, 45, 5, 'BYDGOSZCZ');
INSERT INTO UMOWY (UMOWA_ID, KURSANT_ID, KURS_ID, MIASTO) VALUES (46, 46, 5, 'BYDGOSZCZ');
INSERT INTO UMOWY (UMOWA_ID, KURSANT_ID, KURS_ID, MIASTO) VALUES (47, 47, 5, 'BYDGOSZCZ');
INSERT INTO UMOWY (UMOWA_ID, KURSANT_ID, KURS_ID, MIASTO) VALUES (48, 48, 5, 'BYDGOSZCZ');
INSERT INTO UMOWY (UMOWA_ID, KURSANT_ID, KURS_ID, MIASTO) VALUES (49, 49, 5, 'BYDGOSZCZ');
INSERT INTO UMOWY (UMOWA_ID, KURSANT_ID, KURS_ID, MIASTO) VALUES (50, 50, 5, 'BYDGOSZCZ');
INSERT INTO UMOWY (UMOWA_ID, KURSANT_ID, KURS_ID, MIASTO) VALUES (51, 51, 5, 'BYDGOSZCZ');
INSERT INTO UMOWY (UMOWA_ID, KURSANT_ID, KURS_ID, MIASTO) VALUES (52, 52, 5, 'BYDGOSZCZ');
INSERT INTO UMOWY (UMOWA_ID, KURSANT_ID, KURS_ID, MIASTO) VALUES (53, 53, 5, 'BYDGOSZCZ');
INSERT INTO UMOWY (UMOWA_ID, KURSANT_ID, KURS_ID, MIASTO) VALUES (54, 54, 5, 'BYDGOSZCZ');
INSERT INTO UMOWY (UMOWA_ID, KURSANT_ID, KURS_ID, MIASTO) VALUES (55, 55, 5, 'BYDGOSZCZ');
INSERT INTO UMOWY (UMOWA_ID, KURSANT_ID, KURS_ID, MIASTO) VALUES (56, 56, 5, 'BYDGOSZCZ');
INSERT INTO UMOWY (UMOWA_ID, KURSANT_ID, KURS_ID, MIASTO) VALUES (57, 57, 6, 'BYDGOSZCZ');
INSERT INTO UMOWY (UMOWA_ID, KURSANT_ID, KURS_ID, MIASTO) VALUES (58, 58, 6, 'BYDGOSZCZ');
INSERT INTO UMOWY (UMOWA_ID, KURSANT_ID, KURS_ID, MIASTO) VALUES (59, 59, 6, 'BYDGOSZCZ');
INSERT INTO UMOWY (UMOWA_ID, KURSANT_ID, KURS_ID, MIASTO) VALUES (60, 60, 6, 'BYDGOSZCZ');
INSERT INTO UMOWY (UMOWA_ID, KURSANT_ID, KURS_ID, MIASTO) VALUES (61, 61, 6, 'BYDGOSZCZ');
INSERT INTO UMOWY (UMOWA_ID, KURSANT_ID, KURS_ID, MIASTO) VALUES (62, 62, 6, 'BYDGOSZCZ');
INSERT INTO UMOWY (UMOWA_ID, KURSANT_ID, KURS_ID, MIASTO) VALUES (63, 63, 6, 'BYDGOSZCZ');
INSERT INTO UMOWY (UMOWA_ID, KURSANT_ID, KURS_ID, MIASTO) VALUES (64, 64, 6, 'BYDGOSZCZ');
INSERT INTO UMOWY (UMOWA_ID, KURSANT_ID, KURS_ID, MIASTO) VALUES (65, 65, 7, 'BYDGOSZCZ');
INSERT INTO UMOWY (UMOWA_ID, KURSANT_ID, KURS_ID, MIASTO) VALUES (66, 66, 7, 'BYDGOSZCZ');
INSERT INTO UMOWY (UMOWA_ID, KURSANT_ID, KURS_ID, MIASTO) VALUES (67, 67, 7, 'BYDGOSZCZ');
INSERT INTO UMOWY (UMOWA_ID, KURSANT_ID, KURS_ID, MIASTO) VALUES (68, 68, 7, 'BYDGOSZCZ');
INSERT INTO UMOWY (UMOWA_ID, KURSANT_ID, KURS_ID, MIASTO) VALUES (69, 69, 7, 'BYDGOSZCZ');
INSERT INTO UMOWY (UMOWA_ID, KURSANT_ID, KURS_ID, MIASTO) VALUES (70, 70, 7, 'BYDGOSZCZ');
INSERT INTO UMOWY (UMOWA_ID, KURSANT_ID, KURS_ID, MIASTO) VALUES (71, 71, 7, 'BYDGOSZCZ');
INSERT INTO UMOWY (UMOWA_ID, KURSANT_ID, KURS_ID, MIASTO) VALUES (72, 72, 7, 'BYDGOSZCZ');
INSERT INTO UMOWY (UMOWA_ID, KURSANT_ID, KURS_ID, MIASTO) VALUES (73, 73, 7, 'BYDGOSZCZ');
INSERT INTO UMOWY (UMOWA_ID, KURSANT_ID, KURS_ID, MIASTO) VALUES (74, 74, 8, 'BYDGOSZCZ');
INSERT INTO UMOWY (UMOWA_ID, KURSANT_ID, KURS_ID, MIASTO) VALUES (75, 75, 8, 'BYDGOSZCZ');
INSERT INTO UMOWY (UMOWA_ID, KURSANT_ID, KURS_ID, MIASTO) VALUES (76, 76, 8, 'BYDGOSZCZ');
INSERT INTO UMOWY (UMOWA_ID, KURSANT_ID, KURS_ID, MIASTO) VALUES (77, 77, 8, 'BYDGOSZCZ');
INSERT INTO UMOWY (UMOWA_ID, KURSANT_ID, KURS_ID, MIASTO) VALUES (78, 78, 8, 'BYDGOSZCZ');
INSERT INTO UMOWY (UMOWA_ID, KURSANT_ID, KURS_ID, MIASTO) VALUES (79, 79, 8, 'BYDGOSZCZ');
INSERT INTO UMOWY (UMOWA_ID, KURSANT_ID, KURS_ID, MIASTO) VALUES (80, 80, 8, 'BYDGOSZCZ');
INSERT INTO UMOWY (UMOWA_ID, KURSANT_ID, KURS_ID, MIASTO) VALUES (81, 81, 8, 'BYDGOSZCZ');
INSERT INTO UMOWY (UMOWA_ID, KURSANT_ID, KURS_ID, MIASTO) VALUES (82, 82, 8, 'BYDGOSZCZ');
INSERT INTO UMOWY (UMOWA_ID, KURSANT_ID, KURS_ID, MIASTO) VALUES (83, 83, 8, 'BYDGOSZCZ');
INSERT INTO UMOWY (UMOWA_ID, KURSANT_ID, KURS_ID, MIASTO) VALUES (84, 84, 8, 'BYDGOSZCZ');
INSERT INTO UMOWY (UMOWA_ID, KURSANT_ID, KURS_ID, MIASTO) VALUES (85, 85, 8, 'BYDGOSZCZ');
INSERT INTO UMOWY (UMOWA_ID, KURSANT_ID, KURS_ID, MIASTO) VALUES (86, 1000, 101, 'SZCZECIN');
INSERT INTO UMOWY (UMOWA_ID, KURSANT_ID, KURS_ID, MIASTO) VALUES (87, 1001, 101, 'SZCZECIN');
INSERT INTO UMOWY (UMOWA_ID, KURSANT_ID, KURS_ID, MIASTO) VALUES (88, 1002, 101, 'SZCZECIN');
INSERT INTO UMOWY (UMOWA_ID, KURSANT_ID, KURS_ID, MIASTO) VALUES (89, 1003, 101, 'SZCZECIN');
INSERT INTO UMOWY (UMOWA_ID, KURSANT_ID, KURS_ID, MIASTO) VALUES (90, 1004, 101, 'SZCZECIN');
INSERT INTO UMOWY (UMOWA_ID, KURSANT_ID, KURS_ID, MIASTO) VALUES (91, 1005, 101, 'SZCZECIN');
INSERT INTO UMOWY (UMOWA_ID, KURSANT_ID, KURS_ID, MIASTO) VALUES (92, 1006, 101, 'SZCZECIN');
INSERT INTO UMOWY (UMOWA_ID, KURSANT_ID, KURS_ID, MIASTO) VALUES (93, 1007, 101, 'SZCZECIN');
INSERT INTO UMOWY (UMOWA_ID, KURSANT_ID, KURS_ID, MIASTO) VALUES (94, 1008, 101, 'SZCZECIN');
INSERT INTO UMOWY (UMOWA_ID, KURSANT_ID, KURS_ID, MIASTO) VALUES (95, 1009, 101, 'SZCZECIN');
INSERT INTO UMOWY (UMOWA_ID, KURSANT_ID, KURS_ID, MIASTO) VALUES (96, 1010, 102, 'SZCZECIN');
INSERT INTO UMOWY (UMOWA_ID, KURSANT_ID, KURS_ID, MIASTO) VALUES (97, 1011, 102, 'SZCZECIN');
INSERT INTO UMOWY (UMOWA_ID, KURSANT_ID, KURS_ID, MIASTO) VALUES (98, 1012, 102, 'SZCZECIN');
INSERT INTO UMOWY (UMOWA_ID, KURSANT_ID, KURS_ID, MIASTO) VALUES (99, 1013, 102, 'SZCZECIN');
INSERT INTO UMOWY (UMOWA_ID, KURSANT_ID, KURS_ID, MIASTO) VALUES (100, 1014, 102, 'SZCZECIN');
INSERT INTO UMOWY (UMOWA_ID, KURSANT_ID, KURS_ID, MIASTO) VALUES (101, 1015, 102, 'SZCZECIN');
INSERT INTO UMOWY (UMOWA_ID, KURSANT_ID, KURS_ID, MIASTO) VALUES (102, 1016, 102, 'SZCZECIN');
INSERT INTO UMOWY (UMOWA_ID, KURSANT_ID, KURS_ID, MIASTO) VALUES (103, 1017, 102, 'SZCZECIN');
INSERT INTO UMOWY (UMOWA_ID, KURSANT_ID, KURS_ID, MIASTO) VALUES (104, 1018, 102, 'SZCZECIN');
INSERT INTO UMOWY (UMOWA_ID, KURSANT_ID, KURS_ID, MIASTO) VALUES (105, 1019, 102, 'SZCZECIN');
INSERT INTO UMOWY (UMOWA_ID, KURSANT_ID, KURS_ID, MIASTO) VALUES (106, 1020, 102, 'SZCZECIN');
INSERT INTO UMOWY (UMOWA_ID, KURSANT_ID, KURS_ID, MIASTO) VALUES (107, 1021, 103, 'SZCZECIN');
INSERT INTO UMOWY (UMOWA_ID, KURSANT_ID, KURS_ID, MIASTO) VALUES (108, 1022, 103, 'SZCZECIN');
INSERT INTO UMOWY (UMOWA_ID, KURSANT_ID, KURS_ID, MIASTO) VALUES (109, 1023, 103, 'SZCZECIN');
INSERT INTO UMOWY (UMOWA_ID, KURSANT_ID, KURS_ID, MIASTO) VALUES (110, 1024, 103, 'SZCZECIN');
INSERT INTO UMOWY (UMOWA_ID, KURSANT_ID, KURS_ID, MIASTO) VALUES (111, 1025, 103, 'SZCZECIN');
INSERT INTO UMOWY (UMOWA_ID, KURSANT_ID, KURS_ID, MIASTO) VALUES (112, 1026, 103, 'SZCZECIN');
INSERT INTO UMOWY (UMOWA_ID, KURSANT_ID, KURS_ID, MIASTO) VALUES (113, 1027, 103, 'SZCZECIN');
INSERT INTO UMOWY (UMOWA_ID, KURSANT_ID, KURS_ID, MIASTO) VALUES (114, 1028, 103, 'SZCZECIN');
INSERT INTO UMOWY (UMOWA_ID, KURSANT_ID, KURS_ID, MIASTO) VALUES (115, 1029, 103, 'SZCZECIN');
INSERT INTO UMOWY (UMOWA_ID, KURSANT_ID, KURS_ID, MIASTO) VALUES (116, 1030, 103, 'SZCZECIN');
INSERT INTO UMOWY (UMOWA_ID, KURSANT_ID, KURS_ID, MIASTO) VALUES (117, 1031, 103, 'SZCZECIN');
INSERT INTO UMOWY (UMOWA_ID, KURSANT_ID, KURS_ID, MIASTO) VALUES (118, 1032, 103, 'SZCZECIN');
INSERT INTO UMOWY (UMOWA_ID, KURSANT_ID, KURS_ID, MIASTO) VALUES (119, 1033, 103, 'SZCZECIN');
INSERT INTO UMOWY (UMOWA_ID, KURSANT_ID, KURS_ID, MIASTO) VALUES (120, 1034, 104, 'SZCZECIN');
INSERT INTO UMOWY (UMOWA_ID, KURSANT_ID, KURS_ID, MIASTO) VALUES (121, 1035, 104, 'SZCZECIN');
INSERT INTO UMOWY (UMOWA_ID, KURSANT_ID, KURS_ID, MIASTO) VALUES (122, 1036, 104, 'SZCZECIN');
INSERT INTO UMOWY (UMOWA_ID, KURSANT_ID, KURS_ID, MIASTO) VALUES (123, 1037, 104, 'SZCZECIN');
INSERT INTO UMOWY (UMOWA_ID, KURSANT_ID, KURS_ID, MIASTO) VALUES (124, 1038, 104, 'SZCZECIN');
INSERT INTO UMOWY (UMOWA_ID, KURSANT_ID, KURS_ID, MIASTO) VALUES (125, 1039, 104, 'SZCZECIN');
INSERT INTO UMOWY (UMOWA_ID, KURSANT_ID, KURS_ID, MIASTO) VALUES (126, 1040, 104, 'SZCZECIN');
INSERT INTO UMOWY (UMOWA_ID, KURSANT_ID, KURS_ID, MIASTO) VALUES (127, 1041, 104, 'SZCZECIN');
INSERT INTO UMOWY (UMOWA_ID, KURSANT_ID, KURS_ID, MIASTO) VALUES (128, 1042, 104, 'SZCZECIN');
INSERT INTO UMOWY (UMOWA_ID, KURSANT_ID, KURS_ID, MIASTO) VALUES (129, 1043, 104, 'SZCZECIN');
INSERT INTO UMOWY (UMOWA_ID, KURSANT_ID, KURS_ID, MIASTO) VALUES (130, 1044, 104, 'SZCZECIN');
INSERT INTO UMOWY (UMOWA_ID, KURSANT_ID, KURS_ID, MIASTO) VALUES (131, 1045, 104, 'SZCZECIN');
INSERT INTO UMOWY (UMOWA_ID, KURSANT_ID, KURS_ID, MIASTO) VALUES (132, 1046, 104, 'SZCZECIN');
INSERT INTO UMOWY (UMOWA_ID, KURSANT_ID, KURS_ID, MIASTO) VALUES (133, 1047, 104, 'SZCZECIN');
INSERT INTO UMOWY (UMOWA_ID, KURSANT_ID, KURS_ID, MIASTO) VALUES (134, 1048, 104, 'SZCZECIN');
INSERT INTO UMOWY (UMOWA_ID, KURSANT_ID, KURS_ID, MIASTO) VALUES (135, 1049, 105, 'SZCZECIN');
INSERT INTO UMOWY (UMOWA_ID, KURSANT_ID, KURS_ID, MIASTO) VALUES (136, 1050, 105, 'SZCZECIN');
INSERT INTO UMOWY (UMOWA_ID, KURSANT_ID, KURS_ID, MIASTO) VALUES (137, 1051, 105, 'SZCZECIN');
INSERT INTO UMOWY (UMOWA_ID, KURSANT_ID, KURS_ID, MIASTO) VALUES (138, 1052, 105, 'SZCZECIN');
INSERT INTO UMOWY (UMOWA_ID, KURSANT_ID, KURS_ID, MIASTO) VALUES (139, 1053, 105, 'SZCZECIN');
INSERT INTO UMOWY (UMOWA_ID, KURSANT_ID, KURS_ID, MIASTO) VALUES (140, 1054, 105, 'SZCZECIN');
INSERT INTO UMOWY (UMOWA_ID, KURSANT_ID, KURS_ID, MIASTO) VALUES (141, 1055, 105, 'SZCZECIN');
INSERT INTO UMOWY (UMOWA_ID, KURSANT_ID, KURS_ID, MIASTO) VALUES (142, 1056, 105, 'SZCZECIN');
INSERT INTO UMOWY (UMOWA_ID, KURSANT_ID, KURS_ID, MIASTO) VALUES (143, 1057, 105, 'SZCZECIN');
INSERT INTO UMOWY (UMOWA_ID, KURSANT_ID, KURS_ID, MIASTO) VALUES (144, 1058, 105, 'SZCZECIN');
INSERT INTO UMOWY (UMOWA_ID, KURSANT_ID, KURS_ID, MIASTO) VALUES (145, 1059, 105, 'SZCZECIN');
INSERT INTO UMOWY (UMOWA_ID, KURSANT_ID, KURS_ID, MIASTO) VALUES (146, 1060, 106, 'SZCZECIN');
INSERT INTO UMOWY (UMOWA_ID, KURSANT_ID, KURS_ID, MIASTO) VALUES (147, 1061, 106, 'SZCZECIN');
INSERT INTO UMOWY (UMOWA_ID, KURSANT_ID, KURS_ID, MIASTO) VALUES (148, 1062, 106, 'SZCZECIN');
INSERT INTO UMOWY (UMOWA_ID, KURSANT_ID, KURS_ID, MIASTO) VALUES (149, 1063, 106, 'SZCZECIN');
INSERT INTO UMOWY (UMOWA_ID, KURSANT_ID, KURS_ID, MIASTO) VALUES (150, 1064, 106, 'SZCZECIN');
INSERT INTO UMOWY (UMOWA_ID, KURSANT_ID, KURS_ID, MIASTO) VALUES (151, 1065, 106, 'SZCZECIN');
INSERT INTO UMOWY (UMOWA_ID, KURSANT_ID, KURS_ID, MIASTO) VALUES (152, 1066, 106, 'SZCZECIN');
INSERT INTO UMOWY (UMOWA_ID, KURSANT_ID, KURS_ID, MIASTO) VALUES (153, 1067, 106, 'SZCZECIN');
INSERT INTO UMOWY (UMOWA_ID, KURSANT_ID, KURS_ID, MIASTO) VALUES (154, 1068, 106, 'SZCZECIN');
INSERT INTO UMOWY (UMOWA_ID, KURSANT_ID, KURS_ID, MIASTO) VALUES (155, 1069, 106, 'SZCZECIN');
INSERT INTO UMOWY (UMOWA_ID, KURSANT_ID, KURS_ID, MIASTO) VALUES (156, 1070, 107, 'SZCZECIN');
INSERT INTO UMOWY (UMOWA_ID, KURSANT_ID, KURS_ID, MIASTO) VALUES (157, 1071, 107, 'SZCZECIN');
INSERT INTO UMOWY (UMOWA_ID, KURSANT_ID, KURS_ID, MIASTO) VALUES (158, 1072, 107, 'SZCZECIN');
INSERT INTO UMOWY (UMOWA_ID, KURSANT_ID, KURS_ID, MIASTO) VALUES (159, 1073, 107, 'SZCZECIN');
INSERT INTO UMOWY (UMOWA_ID, KURSANT_ID, KURS_ID, MIASTO) VALUES (160, 1074, 107, 'SZCZECIN');
INSERT INTO UMOWY (UMOWA_ID, KURSANT_ID, KURS_ID, MIASTO) VALUES (161, 1075, 107, 'SZCZECIN');
INSERT INTO UMOWY (UMOWA_ID, KURSANT_ID, KURS_ID, MIASTO) VALUES (162, 1076, 107, 'SZCZECIN');
INSERT INTO UMOWY (UMOWA_ID, KURSANT_ID, KURS_ID, MIASTO) VALUES (163, 1077, 107, 'SZCZECIN');
INSERT INTO UMOWY (UMOWA_ID, KURSANT_ID, KURS_ID, MIASTO) VALUES (164, 1078, 107, 'SZCZECIN');
INSERT INTO UMOWY (UMOWA_ID, KURSANT_ID, KURS_ID, MIASTO) VALUES (165, 1079, 107, 'SZCZECIN');
INSERT INTO UMOWY (UMOWA_ID, KURSANT_ID, KURS_ID, MIASTO) VALUES (166, 1080, 107, 'SZCZECIN');

CREATE TABLE mv_wykladowcy_filia(
  wykladowca_id number(6) primary key,
  imie varchar2(20) NOT NULL,   
  nazwisko varchar2(30) NOT NULL,
  stawka decimal(5,2)
);

CREATE TABLE mv_kursanci_filia(
  kursant_id number(6) PRIMARY KEY,
  imie varchar2(20) NOT NULL,
  nazwisko varchar2(30) NOT NULL
);

CREATE TABLE mv_rodzaje_filia(
  rodzaj_id number(3) primary key,
  nazwa varchar2(30) NOT NULL,
  godz number(3) NOT NULL,
  cena decimal(6,2)
);

CREATE TABLE mv_kursy_filia(
  kurs_id number(6)primary key,
  rodzaj_id number(6) NOT NULL,
  wykladowca_id number(6)
);

INSERT INTO mv_kursanci_filia (KURSANT_ID, IMIE, NAZWISKO) VALUES (1000, 'ANTONI', 'NOWAK');
INSERT INTO mv_kursanci_filia (KURSANT_ID, IMIE, NAZWISKO) VALUES (1001, 'JAN', 'KOWALSKI');
INSERT INTO mv_kursanci_filia (KURSANT_ID, IMIE, NAZWISKO) VALUES (1002, 'ALEKSANDER', 'WIŚNIEWSKI');
INSERT INTO mv_kursanci_filia (KURSANT_ID, IMIE, NAZWISKO) VALUES (1003, 'JAKUB', 'WÓJCIK');
INSERT INTO mv_kursanci_filia (KURSANT_ID, IMIE, NAZWISKO) VALUES (1004, 'FRANCISZEK', 'KOWALCZYK');
INSERT INTO mv_kursanci_filia (KURSANT_ID, IMIE, NAZWISKO) VALUES (1005, 'SZYMON', 'KAMIŃSKI');
INSERT INTO mv_kursanci_filia (KURSANT_ID, IMIE, NAZWISKO) VALUES (1006, 'FILIP', 'LEWANDOWSKI');
INSERT INTO mv_kursanci_filia (KURSANT_ID, IMIE, NAZWISKO) VALUES (1007, 'MIKOŁAJ', 'DĄBROWSKI');
INSERT INTO mv_kursanci_filia (KURSANT_ID, IMIE, NAZWISKO) VALUES (1008, 'LEON', 'ZIELIŃSKI');
INSERT INTO mv_kursanci_filia (KURSANT_ID, IMIE, NAZWISKO) VALUES (1009, 'STANISŁAW', 'SZYMAŃSKI');
INSERT INTO mv_kursanci_filia (KURSANT_ID, IMIE, NAZWISKO) VALUES (1010, 'WOJCIECH', 'WOŹNIAK');
INSERT INTO mv_kursanci_filia (KURSANT_ID, IMIE, NAZWISKO) VALUES (1011, 'ADAM', 'KOZŁOWSKI');
INSERT INTO mv_kursanci_filia (KURSANT_ID, IMIE, NAZWISKO) VALUES (1012, 'KACPER', 'JANKOWSKI');
INSERT INTO mv_kursanci_filia (KURSANT_ID, IMIE, NAZWISKO) VALUES (1013, 'TYMON', 'MAZUR');
INSERT INTO mv_kursanci_filia (KURSANT_ID, IMIE, NAZWISKO) VALUES (1014, 'NIKODEM', 'WOJCIECHOWSKI');
INSERT INTO mv_kursanci_filia (KURSANT_ID, IMIE, NAZWISKO) VALUES (1015, 'MARCEL', 'KWIATKOWSKI');
INSERT INTO mv_kursanci_filia (KURSANT_ID, IMIE, NAZWISKO) VALUES (1016, 'IGNACY', 'KRAWCZYK');
INSERT INTO mv_kursanci_filia (KURSANT_ID, IMIE, NAZWISKO) VALUES (1017, 'MICHAŁ', 'KACZMAREK');
INSERT INTO mv_kursanci_filia (KURSANT_ID, IMIE, NAZWISKO) VALUES (1018, 'WIKTOR', 'PIOTROWSKI');
INSERT INTO mv_kursanci_filia (KURSANT_ID, IMIE, NAZWISKO) VALUES (1019, 'IGOR', 'GRABOWSKI');
INSERT INTO mv_kursanci_filia (KURSANT_ID, IMIE, NAZWISKO) VALUES (1020, 'OLIWIER', 'ZAJĄC');
INSERT INTO mv_kursanci_filia (KURSANT_ID, IMIE, NAZWISKO) VALUES (1021, 'MAKSYMILIAN', 'PAWŁOWSKI');
INSERT INTO mv_kursanci_filia (KURSANT_ID, IMIE, NAZWISKO) VALUES (1022, 'PIOTR', 'MICHALSKI');
INSERT INTO mv_kursanci_filia (KURSANT_ID, IMIE, NAZWISKO) VALUES (1023, 'TYMOTEUSZ', 'KRÓL');
INSERT INTO mv_kursanci_filia (KURSANT_ID, IMIE, NAZWISKO) VALUES (1024, 'MIŁOSZ', 'NOWAKOWSKI');
INSERT INTO mv_kursanci_filia (KURSANT_ID, IMIE, NAZWISKO) VALUES (1025, 'OSKAR', 'WIECZOREK');
INSERT INTO mv_kursanci_filia (KURSANT_ID, IMIE, NAZWISKO) VALUES (1026, 'JULIAN', 'WRÓBEL');
INSERT INTO mv_kursanci_filia (KURSANT_ID, IMIE, NAZWISKO) VALUES (1027, 'BARTOSZ', 'JABŁOŃSKI');
INSERT INTO mv_kursanci_filia (KURSANT_ID, IMIE, NAZWISKO) VALUES (1028, 'DAWID', 'ADAMCZYK');
INSERT INTO mv_kursanci_filia (KURSANT_ID, IMIE, NAZWISKO) VALUES (1029, 'MATEUSZ', 'DUDEK');
INSERT INTO mv_kursanci_filia (KURSANT_ID, IMIE, NAZWISKO) VALUES (1030, 'KRZYSZTOF', 'MAJEWSKI');
INSERT INTO mv_kursanci_filia (KURSANT_ID, IMIE, NAZWISKO) VALUES (1031, 'GABRIEL', 'NOWICKI');
INSERT INTO mv_kursanci_filia (KURSANT_ID, IMIE, NAZWISKO) VALUES (1032, 'KAROL', 'OLSZEWSKI');
INSERT INTO mv_kursanci_filia (KURSANT_ID, IMIE, NAZWISKO) VALUES (1033, 'ALAN', 'STĘPIEŃ');
INSERT INTO mv_kursanci_filia (KURSANT_ID, IMIE, NAZWISKO) VALUES (1034, 'DOMINIK', 'JAWORSKI');
INSERT INTO mv_kursanci_filia (KURSANT_ID, IMIE, NAZWISKO) VALUES (1035, 'HUBERT', 'MALINOWSKI');
INSERT INTO mv_kursanci_filia (KURSANT_ID, IMIE, NAZWISKO) VALUES (1036, 'TOMASZ', 'PAWLAK');
INSERT INTO mv_kursanci_filia (KURSANT_ID, IMIE, NAZWISKO) VALUES (1037, 'MACIEJ', 'GÓRSKI');
INSERT INTO mv_kursanci_filia (KURSANT_ID, IMIE, NAZWISKO) VALUES (1038, 'FABIAN', 'WITKOWSKI');
INSERT INTO mv_kursanci_filia (KURSANT_ID, IMIE, NAZWISKO) VALUES (1039, 'BRUNO', 'SIKORA');
INSERT INTO mv_kursanci_filia (KURSANT_ID, IMIE, NAZWISKO) VALUES (1040, 'PAWEŁ', 'WALCZAK');
INSERT INTO mv_kursanci_filia (KURSANT_ID, IMIE, NAZWISKO) VALUES (1041, 'NATAN', 'RUTKOWSKI');
INSERT INTO mv_kursanci_filia (KURSANT_ID, IMIE, NAZWISKO) VALUES (1042, 'KSAWERY', 'BARAN');
INSERT INTO mv_kursanci_filia (KURSANT_ID, IMIE, NAZWISKO) VALUES (1043, 'KAMIL', 'MICHALAK');
INSERT INTO mv_kursanci_filia (KURSANT_ID, IMIE, NAZWISKO) VALUES (1044, 'BORYS', 'SZEWCZYK');
INSERT INTO mv_kursanci_filia (KURSANT_ID, IMIE, NAZWISKO) VALUES (1045, 'BARTŁOMIEJ', 'OSTROWSKI');
INSERT INTO mv_kursanci_filia (KURSANT_ID, IMIE, NAZWISKO) VALUES (1046, 'ARTUR', 'TOMASZEWSKI');
INSERT INTO mv_kursanci_filia (KURSANT_ID, IMIE, NAZWISKO) VALUES (1047, 'TADEUSZ', 'PIETRZAK');
INSERT INTO mv_kursanci_filia (KURSANT_ID, IMIE, NAZWISKO) VALUES (1048, 'PATRYK', 'ZALEWSKI');
INSERT INTO mv_kursanci_filia (KURSANT_ID, IMIE, NAZWISKO) VALUES (1049, 'CEZARY', 'DUDA');
INSERT INTO mv_kursanci_filia (KURSANT_ID, IMIE, NAZWISKO) VALUES (1050, 'KAJETAN', 'WRÓBLEWSKI');
INSERT INTO mv_kursanci_filia (KURSANT_ID, IMIE, NAZWISKO) VALUES (1051, 'KUBA', 'JASIŃSKI');
INSERT INTO mv_kursanci_filia (KURSANT_ID, IMIE, NAZWISKO) VALUES (1052, 'ADRIAN', 'MARCINIAK');
INSERT INTO mv_kursanci_filia (KURSANT_ID, IMIE, NAZWISKO) VALUES (1053, 'OLAF', 'BĄK');
INSERT INTO mv_kursanci_filia (KURSANT_ID, IMIE, NAZWISKO) VALUES (1054, 'HENRYK', 'SADOWSKI');
INSERT INTO mv_kursanci_filia (KURSANT_ID, IMIE, NAZWISKO) VALUES (1055, 'GRZEGORZ', 'ZAWADZKI');
INSERT INTO mv_kursanci_filia (KURSANT_ID, IMIE, NAZWISKO) VALUES (1056, 'SEBASTIAN', 'JAKUBOWSKI');
INSERT INTO mv_kursanci_filia (KURSANT_ID, IMIE, NAZWISKO) VALUES (1057, 'DANIEL', 'WILK');
INSERT INTO mv_kursanci_filia (KURSANT_ID, IMIE, NAZWISKO) VALUES (1058, 'ERYK', 'CHMIELEWSKI');
INSERT INTO mv_kursanci_filia (KURSANT_ID, IMIE, NAZWISKO) VALUES (1059, 'KORNEL', 'WŁODARCZYK');
INSERT INTO mv_kursanci_filia (KURSANT_ID, IMIE, NAZWISKO) VALUES (1060, 'KRYSTIAN', 'BORKOWSKI');
INSERT INTO mv_kursanci_filia (KURSANT_ID, IMIE, NAZWISKO) VALUES (1061, 'WITOLD', 'SOKOŁOWSKI');
INSERT INTO mv_kursanci_filia (KURSANT_ID, IMIE, NAZWISKO) VALUES (1062, 'KAZIMIERZ', 'SZCZEPAŃSKI');
INSERT INTO mv_kursanci_filia (KURSANT_ID, IMIE, NAZWISKO) VALUES (1063, 'JÓZEF', 'SAWICKI');
INSERT INTO mv_kursanci_filia (KURSANT_ID, IMIE, NAZWISKO) VALUES (1064, 'RAFAŁ', 'LIS');
INSERT INTO mv_kursanci_filia (KURSANT_ID, IMIE, NAZWISKO) VALUES (1065, 'TEODOR', 'KUCHARSKI');
INSERT INTO mv_kursanci_filia (KURSANT_ID, IMIE, NAZWISKO) VALUES (1066, 'MILAN', 'MAZUREK');
INSERT INTO mv_kursanci_filia (KURSANT_ID, IMIE, NAZWISKO) VALUES (1067, 'JERZY', 'KUBIAK');
INSERT INTO mv_kursanci_filia (KURSANT_ID, IMIE, NAZWISKO) VALUES (1068, 'STEFAN', 'KALINOWSKI');
INSERT INTO mv_kursanci_filia (KURSANT_ID, IMIE, NAZWISKO) VALUES (1069, 'TOBIASZ', 'WYSOCKI');
INSERT INTO mv_kursanci_filia (KURSANT_ID, IMIE, NAZWISKO) VALUES (1070, 'MIESZKO', 'MACIEJEWSKI');
INSERT INTO mv_kursanci_filia (KURSANT_ID, IMIE, NAZWISKO) VALUES (1071, 'ŁUKASZ', 'CZARNECKI');
INSERT INTO mv_kursanci_filia (KURSANT_ID, IMIE, NAZWISKO) VALUES (1072, 'LEONARD', 'KOŁODZIEJ');
INSERT INTO mv_kursanci_filia (KURSANT_ID, IMIE, NAZWISKO) VALUES (1073, 'EMIL', 'URBAŃSKI');
INSERT INTO mv_kursanci_filia (KURSANT_ID, IMIE, NAZWISKO) VALUES (1074, 'GUSTAW', 'KAŹMIERCZAK');
INSERT INTO mv_kursanci_filia (KURSANT_ID, IMIE, NAZWISKO) VALUES (1075, 'MARCIN', 'SOBCZAK');
INSERT INTO mv_kursanci_filia (KURSANT_ID, IMIE, NAZWISKO) VALUES (1076, 'DAMIAN', 'KONIECZNY');
INSERT INTO mv_kursanci_filia (KURSANT_ID, IMIE, NAZWISKO) VALUES (1077, 'OLIVIER', 'GŁOWACKA');
INSERT INTO mv_kursanci_filia (KURSANT_ID, IMIE, NAZWISKO) VALUES (1078, 'ROBERT', 'WASILEWSKI');
INSERT INTO mv_kursanci_filia (KURSANT_ID, IMIE, NAZWISKO) VALUES (1079, 'BŁAŻEJ', 'ZAKRZEWSKI');
INSERT INTO mv_kursanci_filia (KURSANT_ID, IMIE, NAZWISKO) VALUES (1080, 'KONSTANTY', 'KRUPA');

INSERT INTO mv_wykladowcy_filia (WYKLADOWCA_ID, IMIE, NAZWISKO, STAWKA) VALUES (101, 'SONIA', 'SZULC', 100);
INSERT INTO mv_wykladowcy_filia (WYKLADOWCA_ID, IMIE, NAZWISKO, STAWKA) VALUES (102, 'VICTORIA', 'MAKOWSKA', 100);
INSERT INTO mv_wykladowcy_filia (WYKLADOWCA_ID, IMIE, NAZWISKO, STAWKA) VALUES (103, 'ZYTA', 'BRZEZIŃSKA', 120);
INSERT INTO mv_wykladowcy_filia (WYKLADOWCA_ID, IMIE, NAZWISKO, STAWKA) VALUES (104, 'ŻYWIA', 'PRZYBYLSKA', 120);
INSERT INTO mv_wykladowcy_filia (WYKLADOWCA_ID, IMIE, NAZWISKO, STAWKA) VALUES (105, 'MARIA', 'BARANOWSKA', 110);
INSERT INTO mv_wykladowcy_filia (WYKLADOWCA_ID, IMIE, NAZWISKO, STAWKA) VALUES (106, 'ANNA', 'KACZMARCZYK', 100);
INSERT INTO mv_wykladowcy_filia (WYKLADOWCA_ID, IMIE, NAZWISKO, STAWKA) VALUES (107, 'ZOFIA', 'SZYMCZAK', 120);
INSERT INTO mv_wykladowcy_filia (WYKLADOWCA_ID, IMIE, NAZWISKO, STAWKA) VALUES (108, 'EWA', 'ADAMSKA', 130);
INSERT INTO mv_wykladowcy_filia (WYKLADOWCA_ID, IMIE, NAZWISKO, STAWKA) VALUES (109, 'MAGDALENA', 'BŁASZCZYK', 150);
INSERT INTO mv_wykladowcy_filia (WYKLADOWCA_ID, IMIE, NAZWISKO, STAWKA) VALUES (110, 'HELENA', 'BOROWSKA', 100);
INSERT INTO mv_wykladowcy_filia (WYKLADOWCA_ID, IMIE, NAZWISKO, STAWKA) VALUES (111, 'KATARZYNA', 'GÓRECKA', 120);
INSERT INTO mv_wykladowcy_filia (WYKLADOWCA_ID, IMIE, NAZWISKO, STAWKA) VALUES (112, 'WIKTORIA', 'KANIA', 100);
INSERT INTO mv_wykladowcy_filia (WYKLADOWCA_ID, IMIE, NAZWISKO, STAWKA) VALUES (113, 'BARBARA', 'SZCZEPANIAK', 120);
INSERT INTO mv_wykladowcy_filia (WYKLADOWCA_ID, IMIE, NAZWISKO, STAWKA) VALUES (114, 'ROMANA', 'MRÓZ', 130);

INSERT INTO mv_rodzaje_filia (RODZAJ_ID, NAZWA, GODZ, CENA) VALUES (101, 'bazy danych Oracle', 120, 1950);
INSERT INTO mv_rodzaje_filia (RODZAJ_ID, NAZWA, GODZ, CENA) VALUES (102, 'javascript', 130, 1800);
INSERT INTO mv_rodzaje_filia (RODZAJ_ID, NAZWA, GODZ, CENA) VALUES (103, 'python', 100, 2400);
INSERT INTO mv_rodzaje_filia (RODZAJ_ID, NAZWA, GODZ, CENA) VALUES (104, 'sql server', 90, 2300);
INSERT INTO mv_rodzaje_filia (RODZAJ_ID, NAZWA, GODZ, CENA) VALUES (105, 'java ', 100, 2100);
INSERT INTO mv_rodzaje_filia (RODZAJ_ID, NAZWA, GODZ, CENA) VALUES (106, 'cisco', 120, 2800);
INSERT INTO mv_rodzaje_filia (RODZAJ_ID, NAZWA, GODZ, CENA) VALUES (107, 'GIS', 90, 1700);

INSERT INTO mv_kursy_filia (KURS_ID, RODZAJ_ID, WYKLADOWCA_ID) VALUES (101, 102, 103);
INSERT INTO mv_kursy_filia (KURS_ID, RODZAJ_ID, WYKLADOWCA_ID) VALUES (102, 102, 106);
INSERT INTO mv_kursy_filia (KURS_ID, RODZAJ_ID, WYKLADOWCA_ID) VALUES (103, 103, 102);
INSERT INTO mv_kursy_filia (KURS_ID, RODZAJ_ID, WYKLADOWCA_ID) VALUES (104, 104, 110);
INSERT INTO mv_kursy_filia (KURS_ID, RODZAJ_ID, WYKLADOWCA_ID) VALUES (105, 105, 111);
INSERT INTO mv_kursy_filia (KURS_ID, RODZAJ_ID, WYKLADOWCA_ID) VALUES (106, 106, 101);
INSERT INTO mv_kursy_filia (KURS_ID, RODZAJ_ID, WYKLADOWCA_ID) VALUES (107, 107, 114);

COMMIT;
